legacy_id,notice_type,title,content,important,writer,published_at,status
notice_001,일반공지,AXE회사 홈페이지 개설,홈페이지가 개설 됐습니다.,FALSE,,2026-05-04T00:00:00+09:00,published
notice_002,패치노트,홈페이지 기능 추가,"기존 신청 - > 승인 구조에서 이용자가 즉시 등록 하는 구조로 변경됐습니다.
댓글 / 추천 / 게시글 삭제 및 수정 / 댓글삭제 및 수정 기능들이 추가 됐습니다.
댓글 수정시 수정 표시가 됩니다.",FALSE,,2026-05-05T00:00:00+09:00,published
notice_003,패치노트,모바일 최적화 완료,"AXE NET을 보바일로 켰을때도 모바일 환경에 맞게 최적화가 완료 됐습니다.
다만 디스코드 - > 링크로 바로 연결하는 방식보다는 
인터넷 브라우저로 접속하시는걸 더 추천 드립니다.",FALSE,,2026-05-06T00:00:00+09:00,published
notice_1778325420744_15e54750,패치노트,즐겨찾기 기능 추가,"화면 우측 즐겨찾기 기능 추가.

제일 아래 카테고리까지 최대 18개까지 추가 가능 ( 예 : 개조서 )

즐겨찾기 창 접었다 펼치는것도 가능합니다.",FALSE,영포티,2026-05-09T20:17:01+09:00,published
notice_1779594737330_66225566,패치노트,개조서 등록신청 기능 추가 안내,"AXE NET 개조서 기능이 개선되었습니다.

이제 누락된 개조서 정보를 사이트에서 직접 등록신청할 수 있습니다.

■ 주요 내용
- 일반 팀원: 개조서 등록신청 가능
- 관리자: 신청 내역 승인/반려 가능
- 승인된 개조서는 정식 개조서 목록에 반영
- 개조위치, 분류, 부위, 옵션, 성공률 등 신청 가능
- 분류1/분류2, 부위1/부위2 선택 지원
- 옵션분류 선택 후 해당 옵션만 선택 가능하도록 개선

엑셀을 직접 수정하지 않아도 사이트에서 개조서 정보를 신청할 수 있도록 개선되었습니다.",FALSE,영포티,2026-05-24T12:52:17+09:00,published
notice_1779594786814_bb65f424,패치노트,개조서 옵션 및 분류 선택 방식 개선,"개조서 등록신청 시 옵션과 분류 선택 방식이 개선되었습니다.

■ 주요 내용
- 개조서 분류를 시트 기준으로 관리하도록 개선
- 신규 분류 추가 시 사이트에 자동 반영
- 옵션 목록을 옵션분류별로 선택 가능하도록 개선
- 예: 채광 선택 시 채광 관련 옵션만 표시
- 옵션 수치 범위 선택 기능 추가
- 디버프 체크 시 자동으로 음수 옵션으로 반영

개조서 등록신청 과정에서 잘못된 옵션을 선택할 가능성을 줄이고, 더 쉽게 정보를 입력할 수 있도록 개선되었습니다.",FALSE,영포티,2026-05-24T12:53:07+09:00,published
notice_1779594870105_68821277,패치노트,플리카 계좌 빠른도구 추가 안내,"플리카 계좌 확인 기능이 추가되었습니다.

■ 주요 내용
- AXE TODAY 옆에 플리카 계좌 버튼 추가
- 멤버명 검색 기능 지원
- 계좌번호 클릭 또는 복사 버튼으로 즉시 복사 가능
- 계좌 미등록 멤버는 미등록으로 표시
- 사이트 진입 시 기본 접힘 상태로 표시

인게임 입금 시 엑셀을 따로 열지 않고, 사이트에서 계좌를 빠르게 확인하고 복사할 수 있도록 개선되었습니다.",FALSE,영포티,2026-05-24T12:54:30+09:00,published
notice_1779594904952_88ee78e7,패치노트,플리카 계좌 등록신청 및 관리 기능 추가,"플리카 계좌 기능에 등록신청 및 관리자 관리 기능이 추가되었습니다.

■ 주요 내용
- 일반 팀원: 플리카 계좌 등록신청 가능
- 관리자: 신청 내역 승인/반려 가능
- 관리자 계정에서 계좌 추가/수정/삭제 가능
- 같은 멤버명이 있는 경우 기존 계좌정보 업데이트
- 계좌 수정 시 기존 번호가 유지되도록 개선
- 등록신청, 추가, 수정, 삭제 화면을 전용 모달 UI로 개선

계좌정보를 사이트에서 더 편리하게 관리할 수 있도록 개선되었습니다.",FALSE,영포티,2026-05-24T12:55:05+09:00,published
notice_1779594955134_507a4888,패치노트,AXE NET 관리 기능 개선,"AXE NET의 주요 관리 기능이 전반적으로 개선되었습니다.

■ 주요 개선 내용
- 공금내역 관리 화면 정리
- 공금내역 메모 보기 방식 개선
- 공금내역 편집/삭제 관리 구조 개선
- 자산관리 필터 UI 정리
- 퇴사자 및 자산 반납 관리 기능 보강
- 개조서 가격설정 권한 확대
- 개조서 등록신청 및 승인/반려 기능 추가
- 플리카 계좌 빠른도구 추가

사이트 내에서 더 많은 운영 업무를 처리할 수 있도록 관리 편의성을 개선했습니다.",FALSE,영포티,2026-05-24T12:55:55+09:00,published
